<?xml version="1.0" encoding="utf-8"?>
<odoo>

    <data>
        <report id="menu_report_pms_module_id" model="gas.maintenance.vehicle" string="Print PDF" report_type="qweb-pdf" name="pms_module.report_data_pms_module_id" file="pms_module.report_data_pms_module_id" />
        <template id="report_data_pms_module_id">
            <t t-call="web.html_container">
            
                    <div class="header" style="padding-top:20px;">
                        <div class="gambar" align="center">
                            <img align="center" width="100%" src="pms_module/static/description/KOP-SEU 5.png" alt="no image"/>
                        </div>
                    </div>
                    <div class="page" style="padding-top:40px; ">
                        <style>
                          table, th, td table, th, td {
                            border-collapse: collapse;
                            font-size:10px;
                            margin-left: 8px;
                            border: 1px solid #000;
                            width: 1%;
                            }
                            
                        </style>
                        <!--<br/>-->
                        <table border="0" style="width: 100%;">
                            <!--Baris Atas-->
                            <tr style="border:none;">
                                <td colspan="6" width="100%" align="center">
                                    <span class="class12">
                                        <b>
                                          <u>ORDER PEKERJAAN</u>
                                        </b>
                                    </span>
                                </td>
                            </tr>
                            <tr style="border:none;">
                                <td colspan="6" width="100%" align="center">
                                    <span>
                                        <b>
                                            <i>WORKING ORDER</i>
                                        </b>
                                    </span>
                                </td>
                            </tr>
                            <!--Ini kosong-->
                            <tr style="border:none;">
                                <td colspan="6" width="100%" align="center">
                                    <span>
                                        <p style="color:#FFFFFF;">A red paragraph.</p>
                                    </span>
                                </td>
                            </tr>

                            <!--Baris Pertama-->
                            <tr style="border:none;">
                                <td width="10%">
                                    <span>No. WO </span>
                                </td>
                                <td width="1%">
                                    <span>:</span>
                                </td>
                                <td width="44%" align="center">
                                    <!-- <b>068/SEU/GAS/SGT/IX/2023 </b> -->
                                     <t t-esc="data_list['name'][0]"/>
                                </td>

                                <td width="10%">
                                    <span>Tgl. WO </span>
                                </td>
                                <td width="1%">
                                    <span>:</span>
                                </td>
                                <td width="34%" align="center">
                                    <b>09 September 2023 </b>
                                </td>
                            </tr>

                            <!--Baris Kedua-->
                            <tr style="border:none;">
                                <td width="10%">
                                    <span>Kepada </span>
                                </td>
                                <td width="1%">
                                    <span>:</span>
                                </td>
                                <td width="44%" align="center">
                                    <!--<t t-esc="form['nomor_do'][1]"/>-->
                                    <!-- <b>BENGKEL JAYA MANDIRI</b> -->
                                     <t t-esc="data_list['vendor'][0]"/>
                                </td>

                                <td width="10%">
                                    <span>Faksimili </span>
                                </td>
                                <td width="1%">
                                    <span>:</span>
                                </td>
                                <td width="34%" align="center">
                                    <b/>
                                </td>
                            </tr>
                            <!--Baris Ketiga-->
                            <tr style="border:none;">
                                <td width="10%">
                                    <span>Alamat </span>
                                </td>
                                <td width="1%">
                                    <span>:</span>
                                </td>
                                <td width="44%" align="center">
                                    <!--<t t-esc="form['nomor_do'][1]"/>-->
                                    <b>SANGA-SANGA</b>
                                </td>

                                <td width="10%">
                                    <span>Telepon </span>
                                </td>
                                <td width="1%">
                                    <span>:</span>
                                </td>
                                <td width="34%" align="center">
                                    <b>0831-2704-8901</b>
                                </td>
                            </tr>

                            <!--Kosongan-->
                            <tr style="border:none;">
                                <td colspan="6" width="100%" align="center">
                                    <span>
                                        <p style="color:#FFFFFF;">A red paragraph.</p>
                                    </span>
                                </td>
                            </tr>

                            <tr style="border:none;">
                                <td colspan="6" width="100%">
                                    <span>Sesuai Invoice Dari Perusahaan Anda Dengan Nomor : </span>
                                </td>
                            </tr>
                            <tr style="border:none;">
                                <td colspan="6" width="100%">
                                    <span>Tertanggal : </span>
                                </td>
                            </tr>
                        </table>

                        <br/>
                        <table style="width: 100%;">
                            <!--Batas A  -->
                            <tr style="border:none;">
                                <td colspan="11" width="100%" style="font-size:8px">
                                    <span >A </span>
                                </td>
                            </tr>
                        </table>
                        <table style="width: 100%;">
                            <!--Looping Halaman-->
                            <!--<t t-foreach="master" t-as="o">-->
                            <tr style="border:none;">
                                <td>
                                <!-- <td width="1%"> -->
                                    <span>No </span>
                                    <!--<span t-esc="o"/> -->
                                </td>

                                <!--2-->
                                <td>
                                <!-- <td width="10%"> -->
                                    <span>Request By </span>
                                </td>
                                <!--3-->
                                <td>
                                <!-- <td width="15%"> -->
                                    <span>Vessel / Unit / Job desc </span>
                                </td>
                                <!--4-->
                                <td>
                                <!-- <td width="5%"> -->
                                    <span>Kode Budget </span>
                                </td>
                                <!--5-->
                                <td>
                                <!-- <td width="20%"> -->
                                    <span>Uraian / Description </span>
                                </td>
                                <!--6-->
                                <td>
                                <!-- <td width="10%"> -->
                                    <span>Jenis /type </span>
                                </td>
                                <!--7-->
                                <td>
                                <!-- <td width="5%"> -->
                                    <span>Vol </span>
                                </td>
                                <!--8-->
                                <td>
                                <!-- <td width="5%"> -->
                                    <span>Sat </span>
                                </td>
                                <!--9-->
                                <td>
                                <!-- <td width="5%"> -->
                                    <span>Supply </span>
                                </td>
                                <!--10-->
                                <td>
                                <!-- <td width="12%"> -->
                                    <span>Unit Price </span>
                                </td>
                                <!--11-->
                                <td>
                                <!-- <td width="17%"> -->
                                    <span>Amount </span>
                                </td>
                            </tr>
                            <t t-set="i" t-value="0"/>
                            <t t-foreach="dict_list['nama']" t-as="o">
                              <tr style="border:none;">
                                  <t t-set="i" t-value="i+1"/>
                                  <td>
                                  <!-- <td width="1%"> -->
                                      <!--<span>1 </span>-->
                                      <span t-esc="i"/>
                                  </td>
                                  <!--2-->
                                  <td>
                                  <!-- <td width="10%"> -->
                                      <span t-esc="data_list['pelapor'][0]"/>
                                      <!--<span>HESTI </span>-->
                                  </td>
                                  <!--3-->
                                  <td>
                                  <!-- <td width="15%"> -->
                                      <span>
                                      OPRS (TRUCK SKIDTANK KT 8061 RN HINO 500 FL 260 JW)
                                      </span>
                                  </td>
                                  <!--4-->
                                  <td>
                                  <!-- <td width="5%"> -->
                                      <span>
                                      01.6-2260.002
                                      </span>
                                  </td>
                                  <!--5-->
                                  <td>
                                  <!-- <td width="20%"> -->
                                        <span t-esc="dict_list['uraian_pekerjaan'][o_index]"/>                                    
                                  </td>
                                  <!--6-->
                                  <td>
                                  <!-- <td width="10%"> -->
                                        <span t-esc="dict_list['jenis_sarfas'][o_index]"/>                                    
                                  </td>
                                  <!--7-->
                                  <td>
                                  <!-- <td width="5%"> -->
                                      <span>1 </span>
                                  </td>
                                  <!--8-->
                                  <td>
                                  <!-- <td width="5%"> -->
                                      <span>Units </span>
                                  </td>
                                  <!--9-->
                                  <td>
                                  <!-- <td width="5%"> -->
                                      <span>SGP </span>
                                  </td>
                                  <!--10-->
                                  <td>
                                  <!-- <td width="12%"> -->
                                        <span t-esc="dict_list['line_biaya_perbaikan'][o_index]"/>                                    
                                  </td>
                                  <!--11-->
                                  <td>
                                  <!-- <td width="17%"> -->
                                        <span t-esc="dict_list['line_biaya_perbaikan'][o_index]"/>                                    
                                  </td>
                              </tr>
                            </t>
                            
                            <!--Batas Kosong Atas-->
                            <!--<t t-if="i &lt; 1">-->
                            <!--<t t-foreach="[1,2]" t-as="j">-->
                            <!--  <tr style="border:none;">-->
                            <!--      <td width="1%">-->
                            <!--          <span><p style="color:green">x</p></span>-->
                            <!--      </td>-->
                                  <!--2-->
                            <!--      <td width="10%">-->
                            <!--          <span><p style="color:green">x</p></span>-->
                            <!--      </td>-->
                                  <!--3-->
                            <!--      <td width="15%">-->
                            <!--          <span><p style="color:green">x</p></span>-->
                            <!--      </td>-->
                                  <!--4-->
                            <!--      <td width="5%">-->
                            <!--          <span><p style="color:green">x</p></span>-->
                            <!--      </td>-->
                                  <!--5-->
                            <!--      <td width="20%">-->
                            <!--          <span><p style="color:green">x</p></span>-->
                            <!--      </td>-->
                                  <!--6-->
                            <!--      <td width="10%">-->
                            <!--          <span><p style="color:green">x</p></span>-->
                            <!--      </td>-->
                                  <!--7-->
                            <!--      <td width="5%">-->
                            <!--          <span><p style="color:green">x</p></span>-->
                            <!--      </td>-->
                                  <!--8-->
                            <!--      <td width="5%">-->
                            <!--          <span><p style="color:green">x</p></span>-->
                            <!--      </td>-->
                                  <!--9-->
                            <!--      <td width="5%">-->
                            <!--          <span><p style="color:green">x</p></span>-->
                            <!--      </td>-->
                                  <!--10-->
                            <!--      <td width="12%">-->
                            <!--          <span><p style="color:green">x</p></span>-->

                            <!--      </td>-->
                                  <!--11-->
                            <!--      <td width="17%">-->
                            <!--          <span><p style="color:green">x</p></span>-->
                                      
                            <!--      </td>-->
                            <!--  </tr>-->
                            <!--  </t>                            -->
                            <!--</t>                            -->
                            <!--Batas Kosong Atas-->
                        
                            <!-- Batas Total -->
                            <tr style="border:1;">
                                <!--1-10-->
                                <td colspan="10" width="83%" align="left">
                                    <span>Total </span>
                                </td>
                                <!--11-->
                                <td width="17%" align="left">
                                    <span t-esc="data_list['biaya_perbaikan'][0]"/>   
                                </td>
                            </tr>

                            <!-- Line -->
                            <tr style="border:1;">
                                <!--1-15-->
                                <td colspan="7" width="43%" align="left">
                                    <span/>
                                </td>
                                <td colspan="3" width="40%">
                                    <span>
                                        <b>
                              Discount 
                                        </b>
                                    </span>
                                </td>
                                <!--11-->
                                <td width="17%" align="left">
                                    <span t-esc="data_list['discount'][0]"/> 
                                </td>
                            </tr>

                            <!-- Line 2-->
                            <tr style="border:1;">
                                <!--1-15-->
                                <td colspan="7" width="43%" align="left">
                                    <span/>
                                </td>
                                <td colspan="3" width="40%">
                                    <span>
                                        <b>
                                            Setelah Discount 
                                        </b>
                                    </span>
                                </td>
                                <!--11-->
                                <td width="17%" align="left">
                               <span t-esc="data_list['afterDiscount'][0]"/> 
                                </td>
                            </tr>

          
                            <!-- Line 4-->
                            <tr style="border:1;">
                                <!--1-15-->
                                <td colspan="7" width="43%" align="left">
                                    <span/>
                                </td>
                                <td colspan="3" width="40%">
                                    <span>
                                        <b>
                              PPN (11%)
                                        </b>
                                    </span>
                                </td>
                                <!--11-->
                                <td width="17%" align="left">
                                  <span t-esc="data_list['ppn'][0]"/> 
                                </td>
                            </tr>
                            <!-- Line 5-->
                            <tr style="border:1;">
                                <!--1-15-->
                                <td colspan="7" width="43%" align="left">
                                    <span/>
                                </td>
                                <td colspan="3" width="40%">
                                    <span>
                                        <b>
                              PPH (2%)
                                        </b>
                                    </span>
                                </td>
                                <!--11-->
                                <td width="17%" align="left">
                                   <span t-esc="data_list['pph'][0]"/> 
                                </td>
                            </tr>
                            <!-- Line 6-->
                            <tr style="border:1;">
                                <!--1-15-->
                                <td colspan="7" width="43%" align="left">
                                    <span/>
                                </td>
                                <td colspan="3" width="40%">
                                    <span>
                                        <b>
                              Harga Total
                                        </b>
                                    </span>
                                </td>
                                <!--11-->
                                <td width="17%" align="left">
                                    <!--<span>Rp. 450.000</span>-->
                                    <span t-esc="data_list['final_price'][0]"/> 
                                </td>
                            </tr>
                            <!--Batas B  -->
                            <tr style="border:none;">
                                <td width="10%">
                                    <span>B </span>
                                </td>
                                <td colspan="10" width="90%">
                                    <span>
                                        <b>
                                        PEMBAYARAN / PAYMENT
                                        </b>
                                    </span>
                                </td>
                            </tr>
                            <tr style="border:none;">
                                <td colspan="11">
                                    <span>Jadwal Pembayaran : </span>
                                </td>
                            </tr>
                            <tr style="border:none;">
                                <td colspan="11" width="100%">
                                    <span>Payment Schedule : </span>
                                </td>
                            </tr>
                            <tr style="border:none;">
                                <td colspan="11" width="100%">
                                    <span>Cara Pembayaran : </span>
                                </td>
                            </tr>
                            <tr style="border:none;">
                                <td colspan="11" width="100%">
                                    <span> Payment Method : </span>
                                </td>
                            </tr>
                            <tr style="border:none;">
                                <td width="34%" colspan="3">
                                    <span> Dibuat Oleh : </span>
                                </td>
                                <td width="33%" colspan="4">
                                    <span> Disetujui Oleh : </span>
                                </td>
                                <td width="33%" colspan="4">
                                    <span> Disetujui Oleh : </span>
                                </td>
                            </tr>
                            <tr style="border:none;">
                                <td width="34%" colspan="3" align="center">
                                    <!--<span> Syarifah Huzaifah </span>-->
                                    <!--<span t-esc="data_list['ttd'][0]"/> -->
                                   <img
                                                t-attf-src="data:image/*;base64,{{data_list['ttd'][0]}}"
                                                t-att-alt="data_list['ttd'][0]"
                                                style="width: 200px;" />
                                </td>
                                <td width="33%" colspan="4" align="center">
                                    <!--<span> AN. HAKIM </span>-->
                                   <img
                                                t-attf-src="data:image/*;base64,{{data_list['ttd'][1]}}"
                                                t-att-alt="data_list['ttd'][1]"
                                                style="width: 200px;" />
                                </td>
                                <td width="33%" colspan="4" align="center">
                                    <!--<span> FAJAR GUMILANG </span>-->
                                   <img
                                                t-attf-src="data:image/*;base64,{{data_list['ttd'][2]}}"
                                                t-att-alt="data_list['ttd'][2]"
                                                style="width: 200px;" />
                                </td>
                            </tr>
                            <tr style="border:none;">
                                <td width="34%" colspan="3" align="center">
                                    <span> PIC SEU </span>
                                </td>
                                <td width="33%" colspan="4" align="center">
                                    <span> CORPORATE LOGISTIK </span>
                                </td>
                                <td width="33%" colspan="4" align="center">
                                    <span> B.U SEU </span>
                                </td>
                            </tr>
                        </table>


                        <!--<br/>-->
                        <!--<br/>-->
                        <!--<br/>-->
                        <!--<br/>-->
                        <!--<br/>-->
                        <!--<br/>-->
                        <!--<table>-->
                        <!--    <tr>-->
                        <!--        <td>-->
                        <!--            <img align="center" width="100%" src="pms_module/static/description/KOP-SEU 5.png" alt="no image"/>-->
                        <!--        </td>-->
                        <!--    </tr>-->
                        <!--    <tr style="border:none;">-->
                        <!--        <td width="34%" colspan="3">-->
                        <!--            <span> Dibuat Oleh : </span>-->
                        <!--        </td>-->
                        <!--        <td width="33%" colspan="4">-->
                        <!--            <span> Disetujui Oleh : </span>-->
                        <!--        </td>-->
                        <!--        <td width="33%" colspan="4">-->
                        <!--            <span> Payment Method : </span>-->
                        <!--            <span> Disetujui Oleh : </span>-->
                        <!--        </td>-->
                        <!--    </tr> -->
                            <!-- Nama -->
                        <!--    <tr style="border:none;">-->
                        <!--        <td width="34%" colspan="3">-->
                        <!--            <span> Syarifah Huzaifah </span>-->
                        <!--        </td>-->
                        <!--        <td width="33%" colspan="4">-->
                        <!--            <span> AN. HAKIM </span>-->
                        <!--        </td>-->
                        <!--        <td width="33%" colspan="4">-->
                        <!--            <span> FAJAR GUMILANG </span>-->
                        <!--        </td>-->
                        <!--    </tr>-->
                        <!--    <tr style="border:none;">-->
                        <!--        <td width="34%" colspan="3">-->
                        <!--            <span> PIC SEU </span>-->
                        <!--        </td>-->
                        <!--        <td width="33%" colspan="4">-->
                        <!--            <span> CORPORATE LOGISTIK </span>-->
                        <!--        </td>-->
                        <!--        <td width="33%" colspan="4">-->
                        <!--            <span> B.U SEU </span>-->
                        <!--        </td>-->
                        <!--    </tr>-->
                        <!--</table>-->
                    </div>
            </t>    
        </template>
    </data>
</odoo>