<?xml version="1.0" encoding="utf-8"?>
<odoo>

    <record model="ir.module.category" id="module_category_user_pms">
        <field name="name">PMS Module</field>
        <field name="description">Helps you make Plan Management System for Ship's Crew.</field>
        <field name="sequence">45</field>
    </record>

    <record id="group_report_user" model="res.groups">
        <field name="name">User</field>
        <field name="category_id" ref="module_category_user_pms"/>
    </record>

    <record id="group_report_manager" model="res.groups">
        <field name="name">Administrator</field>
        <field name="category_id" ref="module_category_user_pms"/>
        <field name="implied_ids" eval="[(4, ref('group_report_user'))]"/>
    </record>

</odoo>
